player_id,seasons,all_star_seasons,all_star_percent,avg_yearly_salary,abs_per_double,abs_per_sb,abs_per_so,abs_per_bb,batting_avg,abs_per_hr
abreubo01,16,2,12.5,9.19,15.0,21.0,5.0,6.0,292.0,29.01
alfoned01,12,1,8.33,4.6,19.0,102.0,9.0,9.0,284.0,36.88
alomaro01,16,12,75.0,5.35,18.0,19.0,8.0,9.0,302.0,42.43
alomasa02,17,6,35.29,1.86,18.0,180.0,9.0,21.0,274.0,40.43
aloumo01,17,6,35.29,4.77,17.0,66.0,8.0,10.0,303.0,21.2
alvarpe01,5,1,20.0,2.99,25.0,154.0,3.0,10.0,233.0,18.72
anderbr01,14,3,21.43,3.03,19.0,21.0,5.0,7.0,258.0,30.26
anderga01,17,3,17.65,4.5,17.0,108.0,7.0,20.0,293.0,30.1
andruel01,7,2,28.57,4.35,23.0,19.0,7.0,11.0,270.0,152.56
aurilri01,15,1,6.67,2.34,19.0,249.0,7.0,13.0,275.0,30.76
ausmubr01,17,1,5.88,2.15,23.0,59.0,6.0,10.0,253.0,74.87
avilaal01,6,1,16.67,2.31,19.0,289.0,3.0,6.0,241.0,33.16
aybarer01,9,1,11.11,4.13,20.0,31.0,8.0,19.0,276.0,91.4
baergca01,13,3,23.08,2.34,19.0,90.0,9.0,19.0,292.0,40.01
bagweje01,14,4,28.57,7.77,16.0,37.0,5.0,5.0,297.0,16.69
baineha01,17,6,35.29,1.86,20.0,921.0,7.0,8.0,293.0,25.66
barfije01,8,1,12.5,1.41,21.0,70.0,4.0,8.0,256.0,19.79
bartlja01,8,1,12.5,2.2,20.0,25.0,6.0,11.0,266.0,96.41
basske01,11,1,9.09,1.0,19.0,30.0,7.0,12.0,275.0,37.54
batisto01,9,1,11.11,2.43,20.0,92.0,6.0,16.0,249.0,21.61
bautijo02,10,6,60.0,7.4,19.0,78.0,5.0,6.0,260.0,15.88
bayja01,10,3,30.0,7.08,19.0,48.0,4.0,7.0,266.0,20.27
belleal01,12,5,41.67,5.0,15.0,67.0,6.0,9.0,295.0,15.36
bellge02,9,3,33.33,1.94,20.0,101.0,8.0,18.0,278.0,22.59
belliro01,12,1,8.33,1.79,15.0,117.0,6.0,10.0,273.0,44.21
bellja01,16,2,12.5,3.55,19.0,82.0,5.0,9.0,266.0,37.81
beltrad01,18,4,22.22,9.17,17.0,82.0,6.0,13.0,285.0,23.52
beltrca01,17,8,47.06,12.89,17.0,28.0,6.0,9.0,281.0,22.17
berkmla01,14,6,42.86,9.89,16.0,77.0,5.0,5.0,293.0,17.79
bicheda01,12,4,33.33,4.15,16.0,42.0,6.0,18.0,301.0,22.87
biggicr01,19,7,36.84,4.32,16.0,26.0,6.0,9.0,282.0,37.34
blaloha01,8,2,25.0,2.74,18.0,270.0,5.0,11.0,269.0,23.05
blausje01,13,2,15.38,2.04,21.0,70.0,5.0,8.0,262.0,37.07
bondsba01,22,14,63.64,8.56,16.0,19.0,6.0,4.0,298.0,12.92
booneaa01,11,1,9.09,1.82,18.0,36.0,5.0,13.0,263.0,30.33
boonebr01,13,3,23.08,4.45,18.0,70.0,5.0,12.0,267.0,26.43
bordimi01,12,1,8.33,2.53,22.0,59.0,7.0,11.0,261.0,60.67
bournmi01,9,2,22.22,7.42,25.0,14.0,4.0,11.0,266.0,141.97
bradlmi01,11,1,9.09,4.77,18.0,40.0,4.0,7.0,273.0,28.06
bradlph01,6,1,16.67,0.95,20.0,25.0,5.0,8.0,285.0,42.38
brantmi02,6,1,16.67,1.54,16.0,33.0,9.0,11.0,292.0,49.11
braunry02,8,6,75.0,5.88,16.0,29.0,5.0,11.0,302.0,19.4
brettge01,9,4,44.44,2.23,15.0,67.0,9.0,8.0,294.0,30.29
brookhu01,10,2,20.0,1.05,19.0,109.0,6.0,15.0,268.0,32.49
brosisc01,10,1,10.0,2.26,20.0,71.0,6.0,11.0,258.0,27.49
bruceja01,7,2,28.57,5.46,19.0,70.0,4.0,9.0,247.0,19.78
brunato01,10,1,10.0,1.73,20.0,77.0,5.0,8.0,244.0,24.91
buckjo01,10,1,10.0,3.47,21.0,675.0,4.0,12.0,234.0,27.66
buhneja01,14,1,7.14,2.66,22.0,832.0,4.0,6.0,254.0,16.1
burksel01,18,2,11.11,3.38,18.0,40.0,5.0,9.0,291.0,20.55
burnije01,13,1,7.69,4.52,19.0,77.0,4.0,8.0,254.0,18.04
butlebi03,8,1,12.5,4.56,16.0,905.0,6.0,10.0,290.0,33.78
butlebr01,13,1,7.69,1.97,29.0,15.0,9.0,7.0,296.0,144.85
byrdma01,10,1,10.0,5.18,18.0,97.0,5.0,15.0,271.0,36.36
cabreas01,8,2,25.0,5.23,17.0,51.0,5.0,12.0,267.0,40.21
cabreev01,5,1,20.0,1.39,26.0,15.0,4.0,11.0,247.0,142.3
cabreme01,9,1,11.11,4.63,19.0,55.0,8.0,14.0,285.0,49.03
cabremi01,13,10,76.92,12.34,15.0,191.0,5.0,8.0,321.0,17.79
caldeiv01,7,1,14.29,1.79,17.0,34.0,6.0,11.0,268.0,33.54
camermi01,17,1,5.88,4.95,18.0,23.0,4.0,8.0,249.0,24.6
caminke01,14,3,21.43,2.93,18.0,71.0,5.0,9.0,273.0,26.07
canoro01,10,6,60.0,10.59,15.0,123.0,8.0,14.0,308.0,26.81
cartega01,8,4,50.0,1.52,26.0,591.0,9.0,10.0,246.0,27.09
cartejo01,14,5,35.71,3.59,19.0,36.0,6.0,16.0,259.0,21.22
caseyse01,11,3,27.27,4.53,16.0,281.0,9.0,11.0,302.0,38.89
castilu01,15,3,20.0,3.77,34.0,18.0,8.0,8.0,290.0,232.5
castivi02,15,2,13.33,3.69,20.0,207.0,6.0,16.0,276.0,21.3
castrst01,5,3,60.0,3.74,20.0,47.0,6.0,19.0,278.0,51.88
clarkja01,8,2,25.0,1.93,23.0,183.0,4.0,4.0,254.0,17.6
clarkto02,13,1,7.69,1.78,19.0,696.0,4.0,8.0,265.0,18.0
clarkwi02,15,6,40.0,4.01,16.0,107.0,6.0,8.0,303.0,25.26
claytro01,16,1,6.25,2.43,20.0,32.0,5.0,13.0,259.0,66.85
colemvi01,13,2,15.38,1.25,31.0,7.0,6.0,11.0,264.0,193.07
coninje01,15,2,13.33,2.7,18.0,127.0,6.0,10.0,285.0,31.99
coomero01,8,1,12.5,0.65,20.0,223.0,7.0,17.0,275.0,32.89
coopesc01,7,2,28.57,0.43,19.0,257.0,6.0,9.0,265.0,54.58
corajo01,10,1,10.0,0.73,21.0,34.0,11.0,10.0,280.0,116.43
cordewi01,12,1,8.33,1.93,16.0,82.0,6.0,13.0,273.0,35.93
craigal01,6,1,16.67,2.34,17.0,166.0,5.0,13.0,276.0,31.03
crawfca02,13,4,30.77,9.93,21.0,13.0,6.0,17.0,293.0,47.13
credejo01,7,1,14.29,2.32,19.0,946.0,7.0,15.0,252.0,22.16
cruzne02,8,4,50.0,5.45,18.0,57.0,4.0,11.0,273.0,16.86
damonjo01,17,2,11.76,6.5,18.0,24.0,8.0,10.0,286.0,41.25
daultda01,12,3,25.0,2.54,18.0,75.0,5.0,6.0,247.0,26.5
daviser01,15,2,13.33,2.26,22.0,16.0,4.0,7.0,271.0,19.03
davisgl01,9,2,22.22,1.59,21.0,131.0,6.0,10.0,260.0,19.46
davisjo02,6,1,16.67,1.05,24.0,977.0,5.0,10.0,230.0,28.74
dawsoan01,12,5,41.67,2.15,20.0,58.0,7.0,18.0,277.0,20.8
delgaca01,15,2,13.33,9.75,15.0,514.0,4.0,7.0,281.0,15.3
desmoia01,6,1,16.67,3.78,19.0,28.0,4.0,15.0,263.0,32.06
diazbo01,5,1,20.0,0.92,22.0,827.0,8.0,18.0,252.0,40.34
disarga01,10,1,10.0,1.53,20.0,78.0,12.0,24.0,259.0,131.68
drewjd01,13,1,7.69,8.31,19.0,59.0,5.0,6.0,277.0,21.68
duncama01,12,1,8.33,0.99,20.0,27.0,5.0,23.0,267.0,53.76
dunstsh01,17,2,11.76,1.67,20.0,28.0,6.0,31.0,270.0,38.88
durhara01,14,2,14.29,5.79,17.0,27.0,6.0,9.0,277.0,38.58
dyeje01,14,2,14.29,5.62,18.0,141.0,5.0,11.0,274.0,19.96
dykstle01,11,3,27.27,2.28,16.0,16.0,9.0,7.0,286.0,54.04
easleda01,15,1,6.67,1.73,19.0,50.0,6.0,10.0,254.0,32.46
eckstda01,10,2,20.0,2.42,22.0,41.0,12.0,13.0,280.0,144.03
edmonji01,17,4,23.53,5.6,16.0,102.0,4.0,7.0,284.0,17.45
ellsbja01,8,1,12.5,7.89,20.0,13.0,7.0,13.0,287.0,44.98
encared01,10,2,20.0,4.42,18.0,90.0,6.0,8.0,268.0,17.75
ensbemo01,7,1,14.29,2.23,22.0,100.0,5.0,7.0,263.0,19.97
erstada01,13,2,15.38,3.79,19.0,33.0,6.0,13.0,282.0,48.47
escobal02,6,1,16.67,1.73,25.0,25.0,7.0,22.0,260.0,150.3
estrajo01,5,1,20.0,1.48,15.0,,9.0,20.0,286.0,50.82
ethiean01,9,2,22.22,8.57,15.0,181.0,5.0,9.0,283.0,29.36
evansdw01,7,1,14.29,1.13,19.0,129.0,6.0,6.0,276.0,23.36
evereca01,14,2,14.29,4.07,19.0,45.0,5.0,11.0,271.0,23.81
fernato01,15,5,33.33,1.52,19.0,32.0,10.0,11.0,288.0,84.0
fickro01,8,1,12.5,0.76,20.0,424.0,6.0,10.0,256.0,33.67
fieldce01,11,3,27.27,5.37,26.0,2708.0,4.0,7.0,254.0,16.51
fieldpr01,10,6,60.0,12.89,18.0,302.0,5.0,7.0,287.0,17.59
figgich01,9,1,11.11,4.94,25.0,14.0,6.0,9.0,276.0,125.4
fiskca01,8,2,25.0,1.04,23.0,99.0,6.0,11.0,254.0,21.94
fletcda01,12,1,8.33,1.54,18.0,1879.0,10.0,15.0,270.0,30.8
floydcl01,17,1,5.88,3.89,16.0,36.0,5.0,9.0,278.0,22.83
francju01,18,3,16.67,1.67,21.0,32.0,6.0,9.0,299.0,46.8
freemfr01,5,2,40.0,3.03,17.0,207.0,4.0,8.0,286.0,26.07
freesda01,7,1,14.29,2.34,18.0,307.0,4.0,11.0,276.0,36.07
frymatr01,13,5,38.46,3.63,19.0,90.0,5.0,11.0,274.0,29.06
fukudko01,5,1,20.0,12.6,17.0,67.0,5.0,6.0,258.0,45.93
furcara01,13,3,23.08,7.7,21.0,21.0,7.0,10.0,281.0,57.01
galaran01,16,5,31.25,3.35,18.0,63.0,4.0,14.0,293.0,19.73
gantro01,14,2,14.29,3.28,21.0,27.0,5.0,8.0,259.0,19.7
garcica01,9,1,11.11,0.58,21.0,30.0,6.0,19.0,266.0,65.27
garcino01,14,6,42.86,6.43,15.0,59.0,10.0,14.0,313.0,24.39
gardnbr01,7,1,14.29,3.59,22.0,16.0,5.0,8.0,265.0,52.34
gedmari01,7,2,28.57,0.77,20.0,612.0,6.0,11.0,243.0,35.33
giambja01,19,5,26.32,7.24,18.0,360.0,5.0,5.0,278.0,16.45
gilesbr02,15,2,13.33,5.99,16.0,60.0,8.0,6.0,291.0,22.74
gilesma01,6,1,16.67,1.73,15.0,40.0,6.0,9.0,278.0,40.15
girarjo01,15,1,6.67,1.42,22.0,94.0,7.0,15.0,267.0,114.64
glaustr01,13,4,30.77,6.07,18.0,97.0,4.0,6.0,254.0,16.91
gomezca01,8,2,25.0,4.09,20.0,16.0,4.0,16.0,261.0,33.41
gonzaad01,11,5,45.45,11.34,16.0,1022.0,5.0,9.0,291.0,21.21
gonzaal02,16,1,6.25,2.6,17.0,193.0,5.0,19.0,245.0,36.79
gonzaca01,6,2,33.33,6.95,18.0,30.0,4.0,11.0,296.0,17.55
gonzaju03,15,3,20.0,5.8,17.0,271.0,5.0,15.0,300.0,14.66
gonzalu01,18,5,27.78,3.72,15.0,71.0,8.0,8.0,283.0,25.81
gordoal01,9,3,33.33,4.45,16.0,52.0,4.0,9.0,269.0,31.68
grandcu01,10,3,30.0,7.3,21.0,39.0,4.0,8.0,257.0,21.16
greenmi01,10,2,20.0,2.17,17.0,56.0,13.0,10.0,300.0,39.07
greensh01,15,2,13.33,7.39,16.0,44.0,5.0,10.0,283.0,21.59
grievbe01,7,1,14.29,2.12,17.0,129.0,4.0,7.0,268.0,26.97
griffke02,22,13,59.09,7.27,19.0,53.0,6.0,7.0,284.0,15.56
grissma02,16,2,12.5,3.25,21.0,22.0,7.0,15.0,272.0,34.92
grubeke01,8,2,25.0,1.62,21.0,39.0,6.0,16.0,260.0,26.98
grudzma01,15,1,6.67,2.48,18.0,53.0,7.0,19.0,289.0,78.36
guerrpe01,8,3,37.5,2.03,20.0,91.0,7.0,8.0,298.0,27.18
guerrvl01,15,9,60.0,8.37,17.0,45.0,8.0,11.0,318.0,18.14
guillca01,13,3,23.08,5.31,17.0,64.0,6.0,9.0,284.0,37.37
guilloz01,15,3,20.0,1.61,24.0,41.0,13.0,27.0,264.0,254.04
guzmacr01,11,2,18.18,4.09,23.0,43.0,7.0,20.0,271.0,86.81
gwynnto01,17,14,82.35,2.78,16.0,30.0,22.0,12.0,339.0,63.97
hamiljo03,9,5,55.56,9.52,17.0,78.0,4.0,11.0,290.0,19.55
hammoje01,12,1,8.33,3.42,18.0,45.0,5.0,10.0,272.0,27.27
hardyjj01,11,2,18.18,4.79,21.0,643.0,6.0,14.0,257.0,29.41
hartco01,9,2,22.22,3.77,17.0,44.0,4.0,13.0,272.0,22.94
hawpebr01,6,1,16.67,4.52,16.0,329.0,4.0,7.0,273.0,23.26
hayesvo01,8,1,12.5,1.43,17.0,26.0,6.0,7.0,266.0,34.92
heltoto01,17,5,29.41,9.64,13.0,215.0,7.0,6.0,316.0,21.58
hendeda01,10,1,10.0,1.22,18.0,120.0,4.0,11.0,258.0,26.34
henderi01,18,6,33.33,2.91,21.0,9.0,6.0,5.0,275.0,32.68
hernajo01,12,1,8.33,1.91,24.0,113.0,3.0,12.0,252.0,27.77
hernake01,6,2,33.33,1.69,20.0,346.0,7.0,7.0,287.0,42.53
hernara02,15,1,6.67,3.73,20.0,515.0,7.0,12.0,263.0,29.96
herrto01,7,1,14.29,1.32,19.0,30.0,9.0,8.0,268.0,151.91
heywaja01,6,1,16.67,2.9,19.0,35.0,5.0,8.0,268.0,30.98
hillaa01,10,1,10.0,5.17,17.0,71.0,7.0,14.0,267.0,32.7
hillesh02,7,2,28.57,4.48,18.0,223.0,8.0,26.0,284.0,33.06
hollida01,11,1,9.09,1.45,20.0,71.0,5.0,7.0,260.0,29.83
hollima01,11,7,63.64,12.82,15.0,56.0,5.0,9.0,308.0,22.23
howarry01,10,3,30.0,15.53,21.0,419.0,3.0,8.0,260.0,15.09
hudsoor01,10,2,20.0,3.68,19.0,55.0,6.0,10.0,273.0,52.06
hundlto01,13,2,15.38,3.12,22.0,265.0,4.0,8.0,236.0,18.45
hunteto01,17,5,29.41,10.09,18.0,45.0,5.0,13.0,277.0,25.04
ibanera01,17,1,5.88,4.06,17.0,144.0,5.0,11.0,272.0,24.61
infanom01,13,1,7.69,2.7,20.0,63.0,7.0,18.0,271.0,62.53
ingebr01,12,1,8.33,3.91,22.0,107.0,4.0,11.0,235.0,32.37
izturce01,11,1,9.09,2.62,25.0,40.0,10.0,19.0,254.0,272.47
jacksbo01,7,1,14.29,0.96,28.0,29.0,3.0,12.0,251.0,16.63
jacobbr01,8,2,25.0,0.85,22.0,313.0,6.0,10.0,271.0,35.96
jahajo01,9,1,11.11,1.66,21.0,102.0,4.0,6.0,265.0,19.01
jeffegr01,12,2,16.67,3.3,19.0,28.0,16.0,12.0,288.0,45.04
jenkige01,10,1,10.0,4.63,15.0,143.0,4.0,11.0,278.0,20.93
jeterde01,19,14,73.68,13.93,21.0,31.0,6.0,10.0,310.0,42.87
johnsch04,11,2,18.18,4.19,18.0,632.0,4.0,8.0,246.0,22.69
johnsho01,11,2,18.18,1.16,20.0,21.0,5.0,7.0,245.0,20.99
johnsla03,14,1,7.14,2.0,31.0,16.0,14.0,15.0,291.0,158.21
jonesad01,8,5,62.5,5.73,21.0,58.0,5.0,22.0,280.0,23.78
jonesan01,17,5,29.41,6.29,20.0,50.0,4.0,9.0,254.0,17.51
jonesch06,19,8,42.11,8.92,16.0,60.0,6.0,6.0,303.0,19.2
jordabr01,15,1,6.67,3.46,19.0,43.0,6.0,15.0,282.0,28.04
josefe01,5,1,20.0,0.83,18.0,23.0,5.0,13.0,284.0,47.36
joycema01,7,1,14.29,1.81,18.0,75.0,4.0,7.0,241.0,27.0
joynewa01,16,1,6.25,2.49,17.0,119.0,9.0,9.0,289.0,34.94
justida01,12,3,25.0,5.49,20.0,128.0,6.0,6.0,279.0,18.61
kellyro01,13,2,15.38,2.08,20.0,21.0,6.0,15.0,290.0,38.58
kempma01,9,2,22.22,9.46,19.0,26.0,4.0,11.0,290.0,22.78
kendaja01,15,3,20.0,6.17,19.0,40.0,11.0,11.0,288.0,101.69
kendrho01,9,1,11.11,4.35,17.0,45.0,5.0,19.0,293.0,51.98
kennete02,7,2,28.57,0.88,23.0,945.0,5.0,14.0,250.0,50.63
kentje01,17,5,29.41,5.2,15.0,90.0,6.0,11.0,290.0,22.54
kinslia01,10,4,40.0,6.72,17.0,28.0,8.0,10.0,276.0,29.94
kleskry01,15,1,6.67,4.01,16.0,62.0,5.0,7.0,279.0,20.13
knoblch01,11,4,36.36,3.84,19.0,15.0,8.0,8.0,290.0,59.8
konerpa01,17,6,35.29,7.59,20.0,932.0,6.0,9.0,279.0,19.1
krukjo01,10,3,30.0,1.14,20.0,67.0,6.0,6.0,300.0,38.97
lankfra01,14,1,7.14,3.99,16.0,22.0,4.0,7.0,272.0,24.15
lansfca01,8,1,12.5,1.22,24.0,27.0,13.0,13.0,285.0,52.46
larkiba01,19,12,63.16,4.13,18.0,21.0,10.0,8.0,295.0,40.09
lawtoma02,12,2,16.67,4.58,18.0,29.0,8.0,7.0,267.0,34.51
leeca01,14,3,21.43,11.31,17.0,64.0,8.0,12.0,285.0,22.3
leede02,14,2,14.29,8.0,16.0,66.0,4.0,8.0,282.0,20.93
leonaje01,6,2,33.33,1.06,23.0,42.0,5.0,18.0,256.0,34.06
liebemi01,14,2,14.29,3.81,16.0,527.0,7.0,13.0,274.0,28.12
loducpa01,9,4,44.44,4.36,17.0,191.0,13.0,15.0,286.0,48.88
loftoke01,17,6,35.29,4.04,21.0,13.0,8.0,9.0,299.0,62.46
longoev01,7,2,28.57,4.14,16.0,99.0,4.0,9.0,271.0,21.1
lopezja01,14,3,21.43,5.02,20.0,663.0,5.0,15.0,287.0,20.4
lopezjo01,7,1,14.29,2.37,19.0,164.0,8.0,25.0,264.0,40.52
lowelmi01,12,4,33.33,6.37,15.0,193.0,7.0,11.0,279.0,26.0
lucrojo01,5,1,20.0,1.35,17.0,111.0,6.0,11.0,286.0,35.85
ludwiry01,9,1,11.11,4.63,18.0,334.0,4.0,10.0,261.0,22.75
martied01,15,7,46.67,3.3,14.0,148.0,6.0,6.0,313.0,22.69
martiru01,9,4,44.44,4.93,21.0,46.0,5.0,7.0,254.0,30.5
martiti02,14,2,14.29,3.7,19.0,257.0,7.0,9.0,272.0,20.69
martivi01,11,5,45.45,7.26,16.0,949.0,9.0,10.0,302.0,28.76
matsuhi01,9,2,22.22,9.25,18.0,334.0,7.0,8.0,285.0,25.13
matthga02,9,1,11.11,4.87,18.0,43.0,5.0,9.0,259.0,39.02
mattido01,11,5,45.45,2.71,16.0,470.0,16.0,12.0,305.0,31.33
mauerjo01,12,6,50.0,12.42,16.0,113.0,7.0,7.0,313.0,45.59
mccanbr01,10,7,70.0,7.53,19.0,211.0,6.0,10.0,268.0,21.1
mccutan01,6,5,83.33,3.92,16.0,26.0,5.0,7.0,299.0,24.69
mcgeewi01,15,3,20.0,1.66,20.0,25.0,6.0,16.0,296.0,94.61
mcgrifr01,17,5,29.41,4.51,20.0,121.0,5.0,7.0,285.0,17.68
mcgwima01,16,12,75.0,5.11,25.0,516.0,4.0,5.0,263.0,10.61
mclouna01,9,1,11.11,3.18,17.0,24.0,5.0,9.0,246.0,32.79
milleda02,11,1,9.09,1.75,16.0,636.0,4.0,11.0,262.0,36.57
mitchke01,12,2,16.67,1.77,18.0,137.0,6.0,8.0,284.0,17.61
molinya01,11,7,63.64,6.11,19.0,112.0,10.0,13.0,283.0,50.22
molitpa01,14,6,42.86,2.72,17.0,25.0,9.0,9.0,313.0,44.3
mondera01,13,1,7.69,7.05,18.0,25.0,5.0,12.0,273.0,21.45
montemi01,9,2,22.22,4.92,18.0,1116.0,4.0,9.0,262.0,29.89
morame01,12,2,16.67,3.37,19.0,59.0,6.0,10.0,278.0,31.53
moranmi01,9,1,11.11,1.28,21.0,39.0,6.0,10.0,270.0,138.47
morneju01,11,4,36.36,10.18,16.0,1022.0,6.0,10.0,284.0,23.44
mosebll01,7,1,14.29,1.05,22.0,18.0,5.0,8.0,252.0,32.36
murphda05,9,3,33.33,2.06,21.0,85.0,4.0,8.0,257.0,21.08
murphda08,6,1,16.67,2.99,15.0,57.0,8.0,16.0,287.0,53.72
murraed02,13,3,23.08,2.54,21.0,108.0,8.0,9.0,280.0,24.51
napolmi01,9,1,11.11,8.29,19.0,107.0,3.0,7.0,256.0,17.67
navardi01,9,1,11.11,1.83,23.0,204.0,6.0,12.0,252.0,40.17
nevinph01,12,1,8.33,5.85,20.0,233.0,4.0,9.0,270.0,20.13
nilssda01,7,1,14.29,1.97,18.0,201.0,6.0,9.0,287.0,25.89
nokesma01,9,1,11.11,1.3,29.0,340.0,7.0,13.0,252.0,20.13
offerjo01,15,2,13.33,2.66,23.0,33.0,6.0,7.0,273.0,99.67
olerujo01,15,2,13.33,5.06,15.0,674.0,7.0,6.0,295.0,29.88
ordonma01,15,6,40.0,8.9,16.0,74.0,8.0,11.0,309.0,23.73
ortizda01,17,9,52.94,8.47,14.0,536.0,5.0,7.0,285.0,16.0
pagnoto01,12,1,8.33,1.33,19.0,161.0,6.0,15.0,253.0,65.82
palmede01,12,1,8.33,4.69,21.0,96.0,4.0,10.0,255.0,17.75
palmera01,19,4,21.05,4.7,18.0,108.0,8.0,8.0,289.0,18.37
parkeda01,7,3,42.86,1.39,19.0,195.0,6.0,13.0,272.0,24.86
parrila02,10,4,40.0,1.44,27.0,446.0,4.0,10.0,242.0,22.27
pedrodu01,9,4,44.44,6.18,15.0,38.0,9.0,10.0,301.0,42.0
penaca01,11,1,9.09,4.69,22.0,171.0,3.0,6.0,232.0,17.06
penato01,13,3,23.08,1.28,22.0,79.0,8.0,13.0,246.0,73.02
pencehu01,8,3,37.5,10.9,20.0,47.0,5.0,12.0,280.0,25.44
pendlte01,14,1,7.14,1.4,20.0,63.0,7.0,14.0,268.0,48.71
peraljh01,11,3,27.27,5.89,17.0,374.0,5.0,11.0,269.0,31.52
perryge01,10,1,10.0,0.63,20.0,21.0,8.0,11.0,263.0,54.86
phillbr01,10,3,30.0,7.28,21.0,35.0,7.0,17.0,274.0,33.34
piazzmi01,15,12,80.0,9.08,20.0,402.0,6.0,9.0,309.0,16.06
pierzaj01,15,2,13.33,4.59,18.0,533.0,8.0,23.0,282.0,37.63
podsesc01,7,1,14.29,1.49,22.0,12.0,6.0,11.0,276.0,95.27
polanpl01,15,2,13.33,3.89,21.0,87.0,14.0,17.0,298.0,67.9
posadjo01,15,5,33.33,7.83,16.0,304.0,4.0,7.0,274.0,22.1
poseybu01,5,3,60.0,7.64,17.0,290.0,7.0,9.0,313.0,27.57
pradoma01,8,1,12.5,6.14,16.0,111.0,8.0,14.0,291.0,47.56
preslji01,6,1,16.67,0.42,19.0,453.0,4.0,16.0,249.0,26.93
puckeki01,11,10,90.91,2.71,17.0,56.0,7.0,15.0,320.0,32.3
pujolal01,15,10,66.67,11.94,15.0,83.0,9.0,7.0,312.0,15.26
quentca01,8,2,25.0,4.45,16.0,175.0,5.0,9.0,252.0,18.1
raineti01,17,3,17.65,2.05,21.0,14.0,9.0,7.0,294.0,46.87
ramirar01,17,3,17.65,9.7,16.0,279.0,7.0,13.0,284.0,20.93
ramirha01,10,3,30.0,10.59,16.0,19.0,5.0,10.0,296.0,24.17
ramirma02,19,12,63.16,12.87,15.0,217.0,5.0,6.0,312.0,14.85
randowi01,8,2,25.0,0.93,26.0,51.0,11.0,6.0,278.0,139.84
rayjo01,6,1,16.67,0.95,19.0,95.0,14.0,14.0,290.0,94.51
renteed01,15,5,33.33,5.66,18.0,28.0,7.0,11.0,285.0,57.12
reyesjo01,12,4,33.33,9.57,19.0,14.0,9.0,13.0,289.0,55.7
reynoha01,8,1,12.5,0.97,21.0,22.0,11.0,10.0,259.0,203.95
riceji01,5,2,40.0,1.89,22.0,452.0,6.0,10.0,286.0,29.0
riosal01,11,2,18.18,9.6,17.0,25.0,6.0,16.0,276.0,35.67
ripkeca01,17,17,100.0,4.11,20.0,310.0,9.0,10.0,272.0,27.54
roberbi01,11,1,9.09,1.95,20.0,16.0,8.0,10.0,294.0,137.93
roberbr01,11,2,18.18,5.85,14.0,19.0,6.0,9.0,279.0,52.47
rodrial01,21,14,66.67,17.97,19.0,32.0,5.0,8.0,297.0,15.05
rodrihe02,10,1,10.0,2.07,17.0,289.0,4.0,11.0,261.0,18.38
rodriiv01,20,14,70.0,6.82,17.0,73.0,7.0,18.0,297.0,30.23
rolensc01,17,7,41.18,8.18,14.0,63.0,5.0,8.0,281.0,23.41
rolliji01,15,3,20.0,6.52,18.0,20.0,7.0,11.0,265.0,39.7
rowanaa01,10,1,10.0,5.69,16.0,69.0,5.0,17.0,272.0,32.2
ruizca01,9,1,11.11,3.51,15.0,150.0,7.0,9.0,266.0,50.71
saboch01,9,3,33.33,1.23,16.0,28.0,7.0,12.0,267.0,29.38
samueju01,14,2,14.29,1.14,21.0,17.0,4.0,13.0,258.0,36.91
sanchfr01,8,3,37.5,4.05,16.0,258.0,8.0,19.0,299.0,69.83
sanchga01,5,1,20.0,1.17,16.0,164.0,5.0,9.0,254.0,33.37
sandbry01,11,8,72.73,2.27,21.0,27.0,7.0,11.0,285.0,26.53
sandere02,16,1,6.25,2.62,18.0,20.0,4.0,9.0,267.0,20.4
sandopa01,7,2,28.57,5.16,17.0,322.0,7.0,13.0,286.0,31.33
santibe01,19,5,26.32,1.75,21.0,76.0,5.0,16.0,263.0,32.19
saxst01,9,3,33.33,1.64,23.0,17.0,13.0,13.0,286.0,122.36
sciosmi01,8,2,25.0,1.23,21.0,134.0,15.0,8.0,260.0,59.41
scutama01,11,1,9.09,3.77,18.0,90.0,9.0,10.0,279.0,64.54
sexsori01,11,2,18.18,7.68,19.0,351.0,4.0,8.0,261.0,16.07
sharpmi01,6,1,16.67,0.39,19.0,51.0,8.0,8.0,288.0,101.5
sheffga01,21,9,42.86,8.86,20.0,37.0,8.0,6.0,292.0,18.09
sierrru01,16,4,25.0,4.26,19.0,57.0,7.0,13.0,267.0,27.65
sizemgr01,9,3,33.33,3.18,16.0,28.0,4.0,9.0,265.0,27.46
smithoz01,12,11,91.67,2.38,22.0,17.0,17.0,8.0,277.0,271.81
soriaal01,14,7,50.0,12.78,16.0,27.0,4.0,16.0,271.0,18.81
sosasa01,18,7,38.89,6.9,23.0,38.0,4.0,9.0,273.0,14.47
sotoge01,8,1,12.5,2.94,17.0,774.0,4.0,8.0,243.0,23.69
spraged02,10,1,10.0,1.34,18.0,667.0,5.0,12.0,245.0,26.67
stanlmi02,13,1,7.69,1.8,19.0,442.0,5.0,6.0,269.0,22.09
stantmi03,5,3,60.0,2.89,17.0,76.0,3.0,7.0,272.0,13.89
steinte01,13,3,23.08,1.93,20.0,233.0,6.0,13.0,270.0,33.46
stillku01,9,1,11.11,0.91,21.0,82.0,7.0,11.0,249.0,91.91
strawda01,14,7,50.0,2.17,21.0,27.0,4.0,7.0,259.0,16.05
surhobj01,19,1,5.26,2.05,19.0,59.0,10.0,13.0,282.0,43.93
suzukku01,8,1,12.5,4.56,19.0,191.0,8.0,15.0,256.0,53.43
sweenmi01,16,5,31.25,4.59,16.0,98.0,8.0,10.0,297.0,24.13
tablepa01,8,1,12.5,0.84,20.0,257.0,7.0,11.0,283.0,97.31
tartada01,12,1,8.33,3.19,18.0,137.0,4.0,7.0,272.0,19.03
teixema01,13,3,23.08,16.36,17.0,273.0,5.0,8.0,272.0,16.62
tejadmi01,16,6,37.5,6.4,18.0,99.0,8.0,15.0,285.0,27.47
templga01,7,1,14.29,0.98,23.0,61.0,7.0,16.0,248.0,94.56
tettlmi01,11,2,18.18,1.42,22.0,197.0,4.0,5.0,239.0,17.95
thomafr04,18,5,27.78,6.51,17.0,250.0,6.0,5.0,300.0,15.58
thomeji01,22,5,22.73,7.27,19.0,443.0,3.0,5.0,276.0,13.76
thompro01,11,2,18.18,1.68,19.0,45.0,5.0,11.0,257.0,38.76
trammal01,12,4,33.33,1.41,19.0,38.0,10.0,10.0,285.0,37.49
trumbma01,5,1,20.0,4.01,22.0,127.0,4.0,14.0,251.0,19.38
tulowtr01,9,5,55.56,9.49,17.0,75.0,5.0,9.0,298.0,20.65
ugglada01,10,3,30.0,7.62,20.0,183.0,4.0,8.0,241.0,20.25
uptonju01,8,3,37.5,6.45,19.0,37.0,4.0,8.0,273.0,22.28
utleych01,12,6,50.0,10.93,16.0,40.0,6.0,9.0,281.0,25.13
vanslan01,11,3,27.27,1.95,19.0,26.0,5.0,9.0,276.0,33.83
varitja01,14,3,21.43,4.79,17.0,204.0,4.0,8.0,256.0,26.41
vaughgr01,14,4,28.57,4.37,22.0,50.0,4.0,7.0,242.0,17.23
vaughmo01,12,3,25.0,5.84,20.0,184.0,4.0,8.0,293.0,16.87
victosh01,11,2,18.18,8.01,20.0,20.0,7.0,12.0,275.0,43.52
vidrojo01,12,3,25.0,4.16,15.0,222.0,9.0,11.0,298.0,39.95
vinafe01,12,1,8.33,1.98,22.0,37.0,15.0,15.0,282.0,106.0
virgioz02,5,2,40.0,0.57,32.0,513.0,5.0,9.0,242.0,21.99
vizquom01,24,3,12.5,2.63,23.0,26.0,10.0,10.0,272.0,132.32
vottojo01,8,4,50.0,8.14,14.0,67.0,4.0,5.0,311.0,20.54
walkela01,15,5,33.33,8.2,14.0,31.0,6.0,7.0,318.0,17.7
wardga01,6,1,16.67,0.59,25.0,47.0,6.0,13.0,268.0,40.24
weeksri01,10,1,10.0,4.83,20.0,34.0,4.0,8.0,248.0,27.5
weisswa01,13,1,7.69,1.48,26.0,49.0,7.0,7.0,256.0,186.4
wellsve01,13,3,23.08,9.02,18.0,63.0,7.0,14.0,270.0,24.33
werthja01,12,1,8.33,7.93,18.0,38.0,4.0,7.0,272.0,23.54
whitalo01,11,3,27.27,1.8,19.0,75.0,8.0,7.0,272.0,26.34
whitede03,16,3,18.75,2.29,19.0,21.0,5.0,14.0,263.0,35.27
whitefr01,5,1,20.0,0.87,18.0,145.0,7.0,15.0,248.0,45.59
whitero02,15,1,6.67,2.98,18.0,57.0,6.0,15.0,284.0,27.06
whitter01,6,1,16.67,0.7,21.0,185.0,8.0,8.0,252.0,26.7
wietema01,6,3,50.0,3.81,19.0,393.0,5.0,10.0,253.0,25.9
wiggity01,11,1,9.09,2.52,18.0,109.0,5.0,12.0,260.0,26.77
willibe02,16,5,31.25,6.44,18.0,54.0,6.0,7.0,297.0,27.42
willima04,15,5,33.33,5.26,20.0,135.0,5.0,15.0,273.0,18.23
wilsoda01,13,1,7.69,2.29,20.0,181.0,6.0,15.0,261.0,47.28
wilsoja02,12,1,8.33,4.46,20.0,114.0,8.0,18.0,265.0,80.16
wilsopr01,9,1,11.11,6.05,18.0,32.0,4.0,11.0,265.0,21.02
winfida01,10,4,40.0,2.31,20.0,93.0,6.0,9.0,275.0,23.4
winnra01,12,1,8.33,3.92,17.0,29.0,6.0,12.0,285.0,55.29
womacto01,10,1,10.0,3.74,26.0,14.0,8.0,16.0,273.0,136.03
wrighda03,11,7,63.64,9.54,15.0,30.0,5.0,8.0,298.0,25.32
youklke01,9,3,33.33,7.61,15.0,136.0,5.0,7.0,282.0,24.76
youngch04,9,1,11.11,4.92,16.0,31.0,4.0,9.0,235.0,24.44
youngdm01,13,2,15.38,3.68,16.0,190.0,5.0,12.0,292.0,27.85
younger01,14,1,7.14,2.53,18.0,13.0,13.0,9.0,283.0,76.76
youngmi02,12,7,58.33,9.32,18.0,87.0,7.0,14.0,303.0,43.28
zimmery01,9,1,11.11,8.18,16.0,130.0,5.0,10.0,284.0,24.31
zobribe01,9,2,22.22,4.3,16.0,40.0,6.0,7.0,267.0,33.07
